{"cameraMode":{"drawMode":0,"name":"Shaded","section":"Shading Mode"},"sceneLighting":true,"audioPlay":false,"sceneViewState":{"showFog":true,"showMaterialUpdate":false,"showSkybox":true,"showFlares":true,"showImageEffects":true,"showParticleSystems":true},"in2DMode":false,"pivot":{"x":6.207603454589844,"y":-16.147052764892579,"z":7.9220452308654789},"rotation":{"x":-0.3793286979198456,"y":0.6012532114982605,"z":-0.3894767165184021,"w":-0.5855870246887207},"size":33.072532653808597,"orthographic":false}